R1	R1E	R2	R2E	inter	n_R1E	n_R2E
actedin	E1	created	E1	537	5402	2850
actedin	E1	created	E2	5	5402	4425
actedin	E2	created	E2	3925	6754	4425
actedin	E1	diedin	E1	1443	5402	9243
actedin	E1	directed	E1	470	5402	1558
actedin	E2	directed	E2	4901	6754	4983
actedin	E1	edited	E1	10	5402	357
actedin	E2	edited	E2	2768	6754	2799
actedin	E1	graduatedfrom	E1	477	5402	4715
actedin	E1	hasacademicadvisor	E1	1	5402	799
actedin	E1	haschild	E1	191	5402	2832
actedin	E1	haschild	E2	214	5402	2928
actedin	E1	hasgender	E1	5321	5402	66160
actedin	E1	hasmusicalrole	E1	200	5402	2554
actedin	E1	haswebsite	E1	1	5402	64
actedin	E1	haswonprize	E1	2047	5402	9228
actedin	E1	influences	E1	182	5402	2197
actedin	E1	influences	E2	181	5402	2628
actedin	E1	isaffiliatedto	E1	101	5402	48197
actedin	E1	iscitizenof	E1	138	5402	3004
actedin	E1	isleaderof	E1	15	5402	534
actedin	E2	islocatedin	E1	5984	6754	39672
actedin	E1	ismarriedto	E1	1254	5402	3205
actedin	E1	ismarriedto	E2	1264	5402	3187
actedin	E1	ispoliticianof	E1	14	5402	1820
actedin	E1	livesin	E1	283	5402	1793
actedin	E1	owns	E1	7	5402	413
actedin	E2	owns	E2	1	6754	562
actedin	E1	participatedin	E2	1	5402	866
actedin	E1	playsfor	E1	57	5402	45793
actedin	E1	wasbornin	E1	4141	5402	44967
actedin	E1	wrotemusicfor	E1	88	5402	1121
actedin	E2	wrotemusicfor	E2	5020	6754	5096
created	E1	created	E2	16	2850	4425
created	E2	dealswith	E1	2	4425	220
created	E2	dealswith	E2	3	4425	168
created	E1	diedin	E1	814	2850	9243
created	E2	diedin	E1	12	4425	9243
created	E2	diedin	E2	17	4425	1889
created	E1	directed	E1	815	2850	1558
created	E2	directed	E1	2	4425	1558
created	E2	directed	E2	3318	4425	4983
created	E1	edited	E1	33	2850	357
created	E2	edited	E2	1709	4425	2799
created	E2	exports	E1	2	4425	142
created	E1	graduatedfrom	E1	352	2850	4715
created	E1	graduatedfrom	E2	1	2850	1056
created	E2	graduatedfrom	E1	7	4425	4715
created	E2	graduatedfrom	E2	12	4425	1056
created	E2	happenedin	E1	2	4425	871
created	E2	happenedin	E2	23	4425	1366
created	E1	hasacademicadvisor	E1	15	2850	799
created	E1	hasacademicadvisor	E2	9	2850	510
created	E2	hasacademicadvisor	E1	3	4425	799
created	E2	hasacademicadvisor	E2	2	4425	510
created	E2	hascapital	E1	8	4425	2156
created	E2	hascapital	E2	17	4425	1848
created	E1	haschild	E1	103	2850	2832
created	E1	haschild	E2	70	2850	2928
created	E2	haschild	E1	4	4425	2832
created	E2	haschild	E2	3	4425	2928
created	E2	hascurrency	E1	1	4425	109
created	E1	hasgender	E1	2688	2850	66160
created	E2	hasgender	E1	45	4425	66160
created	E1	hasmusicalrole	E1	152	2850	2554
created	E2	hasmusicalrole	E1	4	4425	2554
created	E2	hasneighbor	E1	1	4425	148
created	E2	hasneighbor	E2	1	4425	149
created	E2	hasofficiallanguage	E1	2	4425	238
created	E2	haswebsite	E1	1	4425	64
created	E1	haswonprize	E1	1116	2850	9228
created	E2	haswonprize	E1	24	4425	9228
created	E2	haswonprize	E2	11	4425	1051
created	E2	imports	E1	1	4425	159
created	E1	influences	E1	359	2850	2197
created	E1	influences	E2	337	2850	2628
created	E2	influences	E1	14	4425	2197
created	E2	influences	E2	11	4425	2628
created	E1	isaffiliatedto	E1	93	2850	48197
created	E1	isaffiliatedto	E2	1	2850	10881
created	E2	isaffiliatedto	E1	3	4425	48197
created	E2	isaffiliatedto	E2	53	4425	10881
created	E1	iscitizenof	E1	223	2850	3004
created	E2	iscitizenof	E1	7	4425	3004
created	E2	iscitizenof	E2	2	4425	168
created	E2	isconnectedto	E2	7	4425	1892
created	E1	isinterestedin	E1	2	2850	164
created	E1	isinterestedin	E2	1	2850	29
created	E2	isinterestedin	E1	2	4425	164
created	E1	isleaderof	E1	14	2850	534
created	E2	isleaderof	E2	9	4425	627
created	E1	islocatedin	E1	81	2850	39672
created	E2	islocatedin	E1	3741	4425	39672
created	E2	islocatedin	E2	51	4425	13262
created	E1	ismarriedto	E1	274	2850	3205
created	E1	ismarriedto	E2	276	2850	3187
created	E2	ismarriedto	E1	4	4425	3205
created	E2	ismarriedto	E2	4	4425	3187
created	E1	ispoliticianof	E1	50	2850	1820
created	E2	ispoliticianof	E1	1	4425	1820
created	E2	ispoliticianof	E2	8	4425	326
created	E1	livesin	E1	126	2850	1793
created	E2	livesin	E1	8	4425	1793
created	E2	livesin	E2	18	4425	864
created	E1	owns	E1	22	2850	413
created	E1	owns	E2	19	2850	562
created	E2	owns	E1	22	4425	413
created	E2	owns	E2	65	4425	562
created	E1	participatedin	E1	2	2850	762
created	E2	participatedin	E1	9	4425	762
created	E2	participatedin	E2	2	4425	866
created	E1	playsfor	E1	41	2850	45793
created	E1	playsfor	E2	1	2850	8470
created	E2	playsfor	E1	7	4425	45793
created	E2	playsfor	E2	5	4425	8470
created	E1	wasbornin	E1	1729	2850	44967
created	E2	wasbornin	E1	19	4425	44967
created	E2	wasbornin	E2	27	4425	6079
created	E1	worksat	E1	20	2850	1419
created	E1	worksat	E2	6	2850	597
created	E2	worksat	E1	5	4425	1419
created	E2	worksat	E2	23	4425	597
created	E1	wrotemusicfor	E1	305	2850	1121
created	E2	wrotemusicfor	E1	1	4425	1121
created	E2	wrotemusicfor	E2	2968	4425	5096
dealswith	E1	dealswith	E2	129	220	168
dealswith	E1	diedin	E2	2	220	1889
dealswith	E2	diedin	E2	2	168	1889
dealswith	E1	exports	E1	132	220	142
dealswith	E2	exports	E1	104	168	142
dealswith	E1	happenedin	E2	147	220	1366
dealswith	E2	happenedin	E2	126	168	1366
dealswith	E1	hascapital	E1	164	220	2156
dealswith	E1	hascapital	E2	2	220	1848
dealswith	E2	hascapital	E1	137	168	2156
dealswith	E2	hascapital	E2	1	168	1848
dealswith	E1	hascurrency	E1	44	220	109
dealswith	E2	hascurrency	E1	37	168	109
dealswith	E1	hasneighbor	E1	128	220	148
dealswith	E1	hasneighbor	E2	128	220	149
dealswith	E2	hasneighbor	E1	104	168	148
dealswith	E2	hasneighbor	E2	104	168	149
dealswith	E1	hasofficiallanguage	E1	119	220	238
dealswith	E2	hasofficiallanguage	E1	86	168	238
dealswith	E1	haswonprize	E1	6	220	9228
dealswith	E2	haswonprize	E1	4	168	9228
dealswith	E1	imports	E1	145	220	159
dealswith	E2	imports	E1	111	168	159
dealswith	E1	iscitizenof	E2	101	220	168
dealswith	E2	iscitizenof	E2	102	168	168
dealswith	E1	isconnectedto	E2	19	220	1892
dealswith	E2	isconnectedto	E2	17	168	1892
dealswith	E1	isinterestedin	E2	2	220	29
dealswith	E2	isinterestedin	E2	2	168	29
dealswith	E1	isknownfor	E2	1	220	17
dealswith	E2	isknownfor	E2	2	168	17
dealswith	E1	isleaderof	E2	116	220	627
dealswith	E2	isleaderof	E2	92	168	627
dealswith	E1	islocatedin	E1	214	220	39672
dealswith	E1	islocatedin	E2	196	220	13262
dealswith	E2	islocatedin	E1	163	168	39672
dealswith	E2	islocatedin	E2	154	168	13262
dealswith	E1	ispoliticianof	E2	128	220	326
dealswith	E2	ispoliticianof	E2	109	168	326
dealswith	E1	livesin	E2	56	220	864
dealswith	E2	livesin	E2	62	168	864
dealswith	E1	owns	E1	37	220	413
dealswith	E1	owns	E2	5	220	562
dealswith	E2	owns	E1	38	168	413
dealswith	E2	owns	E2	5	168	562
dealswith	E1	participatedin	E1	160	220	762
dealswith	E2	participatedin	E1	144	168	762
dealswith	E1	wasbornin	E2	4	220	6079
dealswith	E2	wasbornin	E2	3	168	6079
diedin	E1	directed	E1	443	9243	1558
diedin	E1	edited	E1	55	9243	357
diedin	E1	graduatedfrom	E1	1648	9243	4715
diedin	E2	happenedin	E2	162	1889	1366
diedin	E1	hasacademicadvisor	E1	441	9243	799
diedin	E1	hasacademicadvisor	E2	340	9243	510
diedin	E2	hascapital	E1	4	1889	2156
diedin	E2	hascapital	E2	559	1889	1848
diedin	E1	haschild	E1	1423	9243	2832
diedin	E1	haschild	E2	1275	9243	2928
diedin	E2	hascurrency	E1	1	1889	109
diedin	E1	hasgender	E1	8994	9243	66160
diedin	E1	hasmusicalrole	E1	261	9243	2554
diedin	E2	hasneighbor	E1	2	1889	148
diedin	E2	hasneighbor	E2	2	1889	149
diedin	E2	hasofficiallanguage	E1	10	1889	238
diedin	E2	haswebsite	E1	5	1889	64
diedin	E1	haswonprize	E1	2933	9243	9228
diedin	E2	haswonprize	E1	19	1889	9228
diedin	E2	imports	E1	1	1889	159
diedin	E1	influences	E1	1210	9243	2197
diedin	E1	influences	E2	1131	9243	2628
diedin	E1	isaffiliatedto	E1	2474	9243	48197
diedin	E1	isaffiliatedto	E2	7	9243	10881
diedin	E1	iscitizenof	E1	1225	9243	3004
diedin	E2	iscitizenof	E2	2	1889	168
diedin	E2	isconnectedto	E2	133	1889	1892
diedin	E1	isinterestedin	E1	63	9243	164
diedin	E1	isinterestedin	E2	4	9243	29
diedin	E1	isknownfor	E1	5	9243	12
diedin	E1	isknownfor	E2	5	9243	17
diedin	E1	isleaderof	E1	63	9243	534
diedin	E1	isleaderof	E2	2	9243	627
diedin	E2	isleaderof	E2	68	1889	627
diedin	E2	islocatedin	E1	1880	1889	39672
diedin	E2	islocatedin	E2	1170	1889	13262
diedin	E1	ismarriedto	E1	1325	9243	3205
diedin	E1	ismarriedto	E2	1319	9243	3187
diedin	E1	ispoliticianof	E1	726	9243	1820
diedin	E2	ispoliticianof	E2	13	1889	326
diedin	E1	livesin	E1	420	9243	1793
diedin	E2	livesin	E2	330	1889	864
diedin	E1	owns	E1	19	9243	413
diedin	E1	owns	E2	1	9243	562
diedin	E2	owns	E1	41	1889	413
diedin	E2	owns	E2	9	1889	562
diedin	E1	participatedin	E1	12	9243	762
diedin	E1	participatedin	E2	1	9243	866
diedin	E2	participatedin	E1	36	1889	762
diedin	E1	playsfor	E1	1898	9243	45793
diedin	E1	wasbornin	E1	6498	9243	44967
diedin	E2	wasbornin	E2	1499	1889	6079
diedin	E1	worksat	E1	667	9243	1419
diedin	E1	wrotemusicfor	E1	221	9243	1121
directed	E1	edited	E1	61	1558	357
directed	E2	edited	E2	2328	4983	2799
directed	E1	graduatedfrom	E1	143	1558	4715
directed	E1	hasacademicadvisor	E1	1	1558	799
directed	E1	hasacademicadvisor	E2	1	1558	510
directed	E1	haschild	E1	57	1558	2832
directed	E1	haschild	E2	38	1558	2928
directed	E1	hasgender	E1	1525	1558	66160
directed	E1	hasmusicalrole	E1	4	1558	2554
directed	E1	haswonprize	E1	545	1558	9228
directed	E1	influences	E1	74	1558	2197
directed	E1	influences	E2	78	1558	2628
directed	E1	isaffiliatedto	E1	20	1558	48197
directed	E1	iscitizenof	E1	54	1558	3004
directed	E1	isleaderof	E1	4	1558	534
directed	E2	islocatedin	E1	4438	4983	39672
directed	E1	ismarriedto	E1	253	1558	3205
directed	E1	ismarriedto	E2	252	1558	3187
directed	E1	ispoliticianof	E1	5	1558	1820
directed	E1	livesin	E1	66	1558	1793
directed	E1	owns	E1	2	1558	413
directed	E2	owns	E2	1	4983	562
directed	E1	participatedin	E2	1	1558	866
directed	E1	playsfor	E1	14	1558	45793
directed	E1	wasbornin	E1	1087	1558	44967
directed	E1	wrotemusicfor	E1	43	1558	1121
directed	E2	wrotemusicfor	E2	3812	4983	5096
edited	E1	graduatedfrom	E1	5	357	4715
edited	E1	haschild	E1	3	357	2832
edited	E1	haschild	E2	1	357	2928
edited	E1	hasgender	E1	331	357	66160
edited	E1	haswonprize	E1	49	357	9228
edited	E1	influences	E1	6	357	2197
edited	E1	influences	E2	3	357	2628
edited	E1	isaffiliatedto	E1	1	357	48197
edited	E1	iscitizenof	E1	6	357	3004
edited	E2	islocatedin	E1	2548	2799	39672
edited	E1	ismarriedto	E1	15	357	3205
edited	E1	ismarriedto	E2	15	357	3187
edited	E1	livesin	E1	2	357	1793
edited	E1	wasbornin	E1	91	357	44967
edited	E1	wrotemusicfor	E1	3	357	1121
edited	E2	wrotemusicfor	E2	2398	2799	5096
exports	E1	happenedin	E2	106	142	1366
exports	E1	hascapital	E1	112	142	2156
exports	E1	hascurrency	E1	29	142	109
exports	E2	hasmusicalrole	E2	2	30	73
exports	E1	hasneighbor	E1	109	142	148
exports	E1	hasneighbor	E2	109	142	149
exports	E1	hasofficiallanguage	E1	85	142	238
exports	E1	haswonprize	E1	4	142	9228
exports	E1	imports	E1	133	142	159
exports	E2	imports	E2	25	30	26
exports	E1	iscitizenof	E2	85	142	168
exports	E1	isconnectedto	E2	13	142	1892
exports	E1	isinterestedin	E2	1	142	29
exports	E1	isknownfor	E2	1	142	17
exports	E1	isleaderof	E2	90	142	627
exports	E1	islocatedin	E1	138	142	39672
exports	E1	islocatedin	E2	142	142	13262
exports	E1	ispoliticianof	E2	104	142	326
exports	E1	livesin	E2	48	142	864
exports	E1	owns	E1	32	142	413
exports	E1	owns	E2	5	142	562
exports	E1	participatedin	E1	113	142	762
exports	E1	wasbornin	E2	1	142	6079
graduatedfrom	E1	hasacademicadvisor	E1	713	4715	799
graduatedfrom	E1	hasacademicadvisor	E2	449	4715	510
graduatedfrom	E1	haschild	E1	786	4715	2832
graduatedfrom	E1	haschild	E2	825	4715	2928
graduatedfrom	E1	hasgender	E1	4645	4715	66160
graduatedfrom	E1	hasmusicalrole	E1	26	4715	2554
graduatedfrom	E1	haswebsite	E1	1	4715	64
graduatedfrom	E1	haswonprize	E1	2212	4715	9228
graduatedfrom	E2	haswonprize	E1	8	1056	9228
graduatedfrom	E1	influences	E1	558	4715	2197
graduatedfrom	E1	influences	E2	767	4715	2628
graduatedfrom	E1	isaffiliatedto	E1	1435	4715	48197
graduatedfrom	E1	isaffiliatedto	E2	3	4715	10881
graduatedfrom	E2	isaffiliatedto	E2	229	1056	10881
graduatedfrom	E1	iscitizenof	E1	1731	4715	3004
graduatedfrom	E1	isinterestedin	E1	22	4715	164
graduatedfrom	E1	isinterestedin	E2	2	4715	29
graduatedfrom	E1	isleaderof	E1	289	4715	534
graduatedfrom	E2	isleaderof	E2	2	1056	627
graduatedfrom	E2	islocatedin	E1	1018	1056	39672
graduatedfrom	E1	ismarriedto	E1	374	4715	3205
graduatedfrom	E1	ismarriedto	E2	373	4715	3187
graduatedfrom	E1	ispoliticianof	E1	988	4715	1820
graduatedfrom	E1	livesin	E1	1173	4715	1793
graduatedfrom	E1	owns	E1	12	4715	413
graduatedfrom	E2	owns	E1	3	1056	413
graduatedfrom	E1	participatedin	E1	1	4715	762
graduatedfrom	E1	participatedin	E2	1	4715	866
graduatedfrom	E1	playsfor	E1	163	4715	45793
graduatedfrom	E2	playsfor	E2	161	1056	8470
graduatedfrom	E1	wasbornin	E1	3491	4715	44967
graduatedfrom	E1	worksat	E1	1289	4715	1419
graduatedfrom	E2	worksat	E2	467	1056	597
graduatedfrom	E1	wrotemusicfor	E1	24	4715	1121
happenedin	E2	hascapital	E1	520	1366	2156
happenedin	E2	hascapital	E2	184	1366	1848
happenedin	E2	hascurrency	E1	71	1366	109
happenedin	E2	hasneighbor	E1	106	1366	148
happenedin	E2	hasneighbor	E2	108	1366	149
happenedin	E2	hasofficiallanguage	E1	117	1366	238
happenedin	E2	haswebsite	E1	2	1366	64
happenedin	E1	haswonprize	E2	1	871	1051
happenedin	E2	haswonprize	E1	16	1366	9228
happenedin	E2	imports	E1	113	1366	159
happenedin	E2	iscitizenof	E2	141	1366	168
happenedin	E2	isconnectedto	E2	54	1366	1892
happenedin	E1	isinterestedin	E2	1	871	29
happenedin	E2	isinterestedin	E2	3	1366	29
happenedin	E2	isknownfor	E2	3	1366	17
happenedin	E2	isleaderof	E2	105	1366	627
happenedin	E1	islocatedin	E1	428	871	39672
happenedin	E2	islocatedin	E1	1243	1366	39672
happenedin	E2	islocatedin	E2	975	1366	13262
happenedin	E2	ispoliticianof	E2	188	1366	326
happenedin	E2	livesin	E2	161	1366	864
happenedin	E2	owns	E1	48	1366	413
happenedin	E2	owns	E2	21	1366	562
happenedin	E1	participatedin	E2	831	871	866
happenedin	E2	participatedin	E1	447	1366	762
happenedin	E2	participatedin	E2	2	1366	866
happenedin	E2	wasbornin	E2	289	1366	6079
hasacademicadvisor	E1	hasacademicadvisor	E2	306	799	510
hasacademicadvisor	E1	haschild	E1	5	799	2832
hasacademicadvisor	E1	haschild	E2	3	799	2928
hasacademicadvisor	E2	haschild	E1	4	510	2832
hasacademicadvisor	E1	hasgender	E1	788	799	66160
hasacademicadvisor	E2	hasgender	E1	504	510	66160
hasacademicadvisor	E1	hasmusicalrole	E1	1	799	2554
hasacademicadvisor	E1	haswonprize	E1	531	799	9228
hasacademicadvisor	E2	haswonprize	E1	338	510	9228
hasacademicadvisor	E1	influences	E1	128	799	2197
hasacademicadvisor	E1	influences	E2	159	799	2628
hasacademicadvisor	E2	influences	E1	128	510	2197
hasacademicadvisor	E2	influences	E2	99	510	2628
hasacademicadvisor	E1	isaffiliatedto	E1	7	799	48197
hasacademicadvisor	E2	isaffiliatedto	E1	1	510	48197
hasacademicadvisor	E1	iscitizenof	E1	539	799	3004
hasacademicadvisor	E2	iscitizenof	E1	335	510	3004
hasacademicadvisor	E1	isinterestedin	E1	2	799	164
hasacademicadvisor	E2	isinterestedin	E1	2	510	164
hasacademicadvisor	E1	isknownfor	E1	1	799	12
hasacademicadvisor	E2	isknownfor	E1	1	510	12
hasacademicadvisor	E1	ismarriedto	E1	13	799	3205
hasacademicadvisor	E1	ismarriedto	E2	11	799	3187
hasacademicadvisor	E2	ismarriedto	E1	7	510	3205
hasacademicadvisor	E2	ismarriedto	E2	5	510	3187
hasacademicadvisor	E1	ispoliticianof	E1	6	799	1820
hasacademicadvisor	E2	ispoliticianof	E1	1	510	1820
hasacademicadvisor	E1	livesin	E1	249	799	1793
hasacademicadvisor	E2	livesin	E1	147	510	1793
hasacademicadvisor	E1	playsfor	E1	20	799	45793
hasacademicadvisor	E2	playsfor	E1	6	510	45793
hasacademicadvisor	E1	wasbornin	E1	610	799	44967
hasacademicadvisor	E2	wasbornin	E1	381	510	44967
hasacademicadvisor	E1	worksat	E1	538	799	1419
hasacademicadvisor	E2	worksat	E1	329	510	1419
hasacademicadvisor	E2	wrotemusicfor	E1	1	510	1121
hascapital	E1	hascapital	E2	3	2156	1848
hascapital	E1	hascurrency	E1	77	2156	109
hascapital	E1	hasneighbor	E1	108	2156	148
hascapital	E1	hasneighbor	E2	109	2156	149
hascapital	E1	hasofficiallanguage	E1	146	2156	238
hascapital	E2	hasofficiallanguage	E1	8	1848	238
hascapital	E1	haswebsite	E1	4	2156	64
hascapital	E2	haswebsite	E1	3	1848	64
hascapital	E1	haswonprize	E1	11	2156	9228
hascapital	E2	haswonprize	E1	17	1848	9228
hascapital	E1	imports	E1	120	2156	159
hascapital	E2	imports	E1	1	1848	159
hascapital	E1	iscitizenof	E2	146	2156	168
hascapital	E2	iscitizenof	E2	2	1848	168
hascapital	E1	isconnectedto	E2	24	2156	1892
hascapital	E2	isconnectedto	E1	2	1848	1497
hascapital	E2	isconnectedto	E2	140	1848	1892
hascapital	E1	isinterestedin	E2	2	2156	29
hascapital	E1	isknownfor	E2	2	2156	17
hascapital	E1	isleaderof	E2	131	2156	627
hascapital	E2	isleaderof	E2	36	1848	627
hascapital	E1	islocatedin	E1	2012	2156	39672
hascapital	E1	islocatedin	E2	1772	2156	13262
hascapital	E2	islocatedin	E1	1842	1848	39672
hascapital	E2	islocatedin	E2	1499	1848	13262
hascapital	E1	ispoliticianof	E2	243	2156	326
hascapital	E2	ispoliticianof	E2	11	1848	326
hascapital	E1	livesin	E2	135	2156	864
hascapital	E2	livesin	E2	173	1848	864
hascapital	E1	owns	E1	51	2156	413
hascapital	E1	owns	E2	7	2156	562
hascapital	E2	owns	E1	26	1848	413
hascapital	E2	owns	E2	16	1848	562
hascapital	E1	participatedin	E1	431	2156	762
hascapital	E1	participatedin	E2	3	2156	866
hascapital	E2	participatedin	E1	36	1848	762
hascapital	E2	participatedin	E2	3	1848	866
hascapital	E1	wasbornin	E2	12	2156	6079
hascapital	E2	wasbornin	E2	1472	1848	6079
haschild	E1	haschild	E2	1915	2832	2928
haschild	E1	hasgender	E1	2711	2832	66160
haschild	E2	hasgender	E1	2811	2928	66160
haschild	E1	hasmusicalrole	E1	10	2832	2554
haschild	E2	hasmusicalrole	E1	19	2928	2554
haschild	E1	haswonprize	E1	847	2832	9228
haschild	E2	haswonprize	E1	892	2928	9228
haschild	E1	influences	E1	42	2832	2197
haschild	E1	influences	E2	57	2832	2628
haschild	E2	influences	E1	36	2928	2197
haschild	E2	influences	E2	74	2928	2628
haschild	E1	isaffiliatedto	E1	1087	2832	48197
haschild	E1	isaffiliatedto	E2	4	2832	10881
haschild	E2	isaffiliatedto	E1	1120	2928	48197
haschild	E2	isaffiliatedto	E2	2	2928	10881
haschild	E1	iscitizenof	E1	175	2832	3004
haschild	E2	iscitizenof	E1	168	2928	3004
haschild	E2	isinterestedin	E1	5	2928	164
haschild	E2	isknownfor	E1	2	2928	12
haschild	E2	isknownfor	E2	2	2928	17
haschild	E1	isleaderof	E1	129	2832	534
haschild	E2	isleaderof	E1	193	2928	534
haschild	E1	ismarriedto	E1	1105	2832	3205
haschild	E1	ismarriedto	E2	1100	2832	3187
haschild	E2	ismarriedto	E1	1017	2928	3205
haschild	E2	ismarriedto	E2	1018	2928	3187
haschild	E1	ispoliticianof	E1	960	2832	1820
haschild	E2	ispoliticianof	E1	1013	2928	1820
haschild	E1	livesin	E1	143	2832	1793
haschild	E2	livesin	E1	167	2928	1793
haschild	E1	owns	E1	25	2832	413
haschild	E1	owns	E2	1	2832	562
haschild	E2	owns	E1	21	2928	413
haschild	E1	participatedin	E1	17	2832	762
haschild	E2	participatedin	E1	17	2928	762
haschild	E2	participatedin	E2	1	2928	866
haschild	E1	playsfor	E1	91	2832	45793
haschild	E2	playsfor	E1	111	2928	45793
haschild	E1	wasbornin	E1	1806	2832	44967
haschild	E2	wasbornin	E1	1962	2928	44967
haschild	E1	worksat	E1	7	2832	1419
haschild	E2	worksat	E1	8	2928	1419
haschild	E1	wrotemusicfor	E1	18	2832	1121
haschild	E2	wrotemusicfor	E1	14	2928	1121
hascurrency	E1	hasneighbor	E1	32	109	148
hascurrency	E1	hasneighbor	E2	32	109	149
hascurrency	E1	hasofficiallanguage	E1	53	109	238
hascurrency	E1	haswonprize	E1	3	109	9228
hascurrency	E1	imports	E1	29	109	159
hascurrency	E1	iscitizenof	E2	33	109	168
hascurrency	E1	isconnectedto	E2	6	109	1892
hascurrency	E1	isinterestedin	E2	2	109	29
hascurrency	E1	isleaderof	E2	44	109	627
hascurrency	E1	islocatedin	E1	99	109	39672
hascurrency	E1	islocatedin	E2	74	109	13262
hascurrency	E1	ispoliticianof	E2	40	109	326
hascurrency	E1	livesin	E2	22	109	864
hascurrency	E1	owns	E1	17	109	413
hascurrency	E1	participatedin	E1	72	109	762
hascurrency	E1	wasbornin	E2	1	109	6079
hasgender	E1	hasmusicalrole	E1	2526	66160	2554
hasgender	E1	haswebsite	E1	4	66160	64
hasgender	E1	haswonprize	E1	8759	66160	9228
hasgender	E1	influences	E1	2171	66160	2197
hasgender	E1	influences	E2	2593	66160	2628
hasgender	E1	isaffiliatedto	E1	43227	66160	48197
hasgender	E1	isaffiliatedto	E2	43	66160	10881
hasgender	E1	iscitizenof	E1	2972	66160	3004
hasgender	E1	isinterestedin	E1	163	66160	164
hasgender	E1	isinterestedin	E2	9	66160	29
hasgender	E1	isknownfor	E1	12	66160	12
hasgender	E1	isknownfor	E2	8	66160	17
hasgender	E1	isleaderof	E1	526	66160	534
hasgender	E1	isleaderof	E2	3	66160	627
hasgender	E1	ismarriedto	E1	3091	66160	3205
hasgender	E1	ismarriedto	E2	3074	66160	3187
hasgender	E1	ispoliticianof	E1	1780	66160	1820
hasgender	E1	livesin	E1	1773	66160	1793
hasgender	E1	owns	E1	67	66160	413
hasgender	E1	owns	E2	3	66160	562
hasgender	E1	participatedin	E1	29	66160	762
hasgender	E1	participatedin	E2	6	66160	866
hasgender	E1	playsfor	E1	41110	66160	45793
hasgender	E1	wasbornin	E1	41610	66160	44967
hasgender	E1	worksat	E1	1408	66160	1419
hasgender	E1	wrotemusicfor	E1	1094	66160	1121
hasmusicalrole	E1	haswebsite	E1	3	2554	64
hasmusicalrole	E1	haswonprize	E1	669	2554	9228
hasmusicalrole	E2	imports	E2	2	73	26
hasmusicalrole	E1	influences	E1	77	2554	2197
hasmusicalrole	E1	influences	E2	73	2554	2628
hasmusicalrole	E1	isaffiliatedto	E1	6	2554	48197
hasmusicalrole	E1	iscitizenof	E1	2	2554	3004
hasmusicalrole	E1	isleaderof	E1	6	2554	534
hasmusicalrole	E1	isleaderof	E2	1	2554	627
hasmusicalrole	E1	ismarriedto	E1	119	2554	3205
hasmusicalrole	E1	ismarriedto	E2	118	2554	3187
hasmusicalrole	E1	ispoliticianof	E1	1	2554	1820
hasmusicalrole	E1	livesin	E1	12	2554	1793
hasmusicalrole	E1	owns	E1	1	2554	413
hasmusicalrole	E1	playsfor	E1	53	2554	45793
hasmusicalrole	E1	wasbornin	E1	1611	2554	44967
hasmusicalrole	E1	worksat	E1	1	2554	1419
hasmusicalrole	E1	wrotemusicfor	E1	360	2554	1121
hasneighbor	E1	hasneighbor	E2	147	148	149
hasneighbor	E1	hasofficiallanguage	E1	90	148	238
hasneighbor	E2	hasofficiallanguage	E1	91	149	238
hasneighbor	E1	haswonprize	E1	2	148	9228
hasneighbor	E2	haswonprize	E1	2	149	9228
hasneighbor	E1	imports	E1	120	148	159
hasneighbor	E2	imports	E1	121	149	159
hasneighbor	E1	iscitizenof	E2	81	148	168
hasneighbor	E2	iscitizenof	E2	81	149	168
hasneighbor	E1	isconnectedto	E2	15	148	1892
hasneighbor	E2	isconnectedto	E2	15	149	1892
hasneighbor	E1	isinterestedin	E2	1	148	29
hasneighbor	E2	isinterestedin	E2	1	149	29
hasneighbor	E1	isknownfor	E2	1	148	17
hasneighbor	E2	isknownfor	E2	1	149	17
hasneighbor	E1	isleaderof	E2	91	148	627
hasneighbor	E2	isleaderof	E2	92	149	627
hasneighbor	E1	islocatedin	E1	145	148	39672
hasneighbor	E1	islocatedin	E2	145	148	13262
hasneighbor	E2	islocatedin	E1	146	149	39672
hasneighbor	E2	islocatedin	E2	146	149	13262
hasneighbor	E1	ispoliticianof	E2	104	148	326
hasneighbor	E2	ispoliticianof	E2	106	149	326
hasneighbor	E1	livesin	E2	44	148	864
hasneighbor	E2	livesin	E2	45	149	864
hasneighbor	E1	owns	E1	30	148	413
hasneighbor	E1	owns	E2	5	148	562
hasneighbor	E2	owns	E1	30	149	413
hasneighbor	E2	owns	E2	5	149	562
hasneighbor	E1	participatedin	E1	122	148	762
hasneighbor	E2	participatedin	E1	123	149	762
hasneighbor	E1	wasbornin	E2	2	148	6079
hasneighbor	E2	wasbornin	E2	2	149	6079
hasofficiallanguage	E1	haswebsite	E1	7	238	64
hasofficiallanguage	E1	haswonprize	E1	4	238	9228
hasofficiallanguage	E1	imports	E1	96	238	159
hasofficiallanguage	E1	iscitizenof	E2	66	238	168
hasofficiallanguage	E1	isconnectedto	E2	12	238	1892
hasofficiallanguage	E1	isinterestedin	E2	1	238	29
hasofficiallanguage	E2	isinterestedin	E2	1	12	29
hasofficiallanguage	E1	isleaderof	E2	93	238	627
hasofficiallanguage	E1	islocatedin	E1	224	238	39672
hasofficiallanguage	E1	islocatedin	E2	196	238	13262
hasofficiallanguage	E1	ispoliticianof	E2	92	238	326
hasofficiallanguage	E1	livesin	E2	51	238	864
hasofficiallanguage	E1	owns	E1	19	238	413
hasofficiallanguage	E1	owns	E2	2	238	562
hasofficiallanguage	E1	participatedin	E1	129	238	762
hasofficiallanguage	E1	participatedin	E2	1	238	866
hasofficiallanguage	E1	wasbornin	E2	17	238	6079
haswebsite	E1	haswonprize	E1	1	64	9228
haswebsite	E1	isaffiliatedto	E1	1	64	48197
haswebsite	E1	isleaderof	E1	1	64	534
haswebsite	E1	isleaderof	E2	1	64	627
haswebsite	E1	islocatedin	E1	57	64	39672
haswebsite	E1	islocatedin	E2	18	64	13262
haswebsite	E1	ispoliticianof	E1	1	64	1820
haswebsite	E1	livesin	E2	1	64	864
haswebsite	E1	owns	E2	1	64	562
haswebsite	E1	wasbornin	E1	3	64	44967
haswebsite	E1	wasbornin	E2	15	64	6079
haswebsite	E1	worksat	E2	1	64	597
haswonprize	E1	imports	E1	4	9228	159
haswonprize	E1	influences	E1	951	9228	2197
haswonprize	E1	influences	E2	1038	9228	2628
haswonprize	E1	isaffiliatedto	E1	1231	9228	48197
haswonprize	E1	isaffiliatedto	E2	35	9228	10881
haswonprize	E1	iscitizenof	E1	1401	9228	3004
haswonprize	E1	iscitizenof	E2	2	9228	168
haswonprize	E1	isconnectedto	E2	6	9228	1892
haswonprize	E1	isinterestedin	E1	28	9228	164
haswonprize	E1	isinterestedin	E2	1	9228	29
haswonprize	E1	isleaderof	E1	128	9228	534
haswonprize	E1	isleaderof	E2	11	9228	627
haswonprize	E1	islocatedin	E1	113	9228	39672
haswonprize	E1	islocatedin	E2	41	9228	13262
haswonprize	E2	islocatedin	E1	25	1051	39672
haswonprize	E1	ismarriedto	E1	1093	9228	3205
haswonprize	E1	ismarriedto	E2	1075	9228	3187
haswonprize	E1	ispoliticianof	E1	615	9228	1820
haswonprize	E1	ispoliticianof	E2	8	9228	326
haswonprize	E1	livesin	E1	756	9228	1793
haswonprize	E1	livesin	E2	11	9228	864
haswonprize	E1	owns	E1	30	9228	413
haswonprize	E1	owns	E2	6	9228	562
haswonprize	E1	participatedin	E1	18	9228	762
haswonprize	E1	participatedin	E2	3	9228	866
haswonprize	E1	playsfor	E1	559	9228	45793
haswonprize	E1	playsfor	E2	22	9228	8470
haswonprize	E1	wasbornin	E1	6092	9228	44967
haswonprize	E1	wasbornin	E2	30	9228	6079
haswonprize	E1	worksat	E1	884	9228	1419
haswonprize	E1	worksat	E2	14	9228	597
haswonprize	E1	wrotemusicfor	E1	415	9228	1121
imports	E1	iscitizenof	E2	86	159	168
imports	E1	isconnectedto	E2	16	159	1892
imports	E1	isinterestedin	E2	1	159	29
imports	E1	isknownfor	E2	1	159	17
imports	E1	isleaderof	E2	95	159	627
imports	E1	islocatedin	E1	155	159	39672
imports	E1	islocatedin	E2	159	159	13262
imports	E1	ispoliticianof	E2	113	159	326
imports	E1	livesin	E2	48	159	864
imports	E1	owns	E1	33	159	413
imports	E1	owns	E2	5	159	562
imports	E1	participatedin	E1	123	159	762
imports	E1	wasbornin	E2	2	159	6079
influences	E1	influences	E2	1469	2197	2628
influences	E1	isaffiliatedto	E1	36	2197	48197
influences	E1	isaffiliatedto	E2	1	2197	10881
influences	E2	isaffiliatedto	E1	70	2628	48197
influences	E2	isaffiliatedto	E2	1	2628	10881
influences	E1	iscitizenof	E1	514	2197	3004
influences	E2	iscitizenof	E1	698	2628	3004
influences	E1	isinterestedin	E1	116	2197	164
influences	E1	isinterestedin	E2	10	2197	29
influences	E2	isinterestedin	E1	153	2628	164
influences	E2	isinterestedin	E2	10	2628	29
influences	E1	isknownfor	E1	9	2197	12
influences	E1	isknownfor	E2	6	2197	17
influences	E2	isknownfor	E1	12	2628	12
influences	E2	isknownfor	E2	7	2628	17
influences	E1	isleaderof	E1	9	2197	534
influences	E2	isleaderof	E1	13	2628	534
influences	E1	ismarriedto	E1	101	2197	3205
influences	E1	ismarriedto	E2	94	2197	3187
influences	E2	ismarriedto	E1	122	2628	3205
influences	E2	ismarriedto	E2	115	2628	3187
influences	E1	ispoliticianof	E1	30	2197	1820
influences	E2	ispoliticianof	E1	68	2628	1820
influences	E1	livesin	E1	126	2197	1793
influences	E2	livesin	E1	155	2628	1793
influences	E1	owns	E1	1	2197	413
influences	E1	owns	E2	1	2197	562
influences	E2	owns	E1	1	2628	413
influences	E2	participatedin	E1	1	2628	762
influences	E2	participatedin	E2	1	2628	866
influences	E1	playsfor	E1	55	2197	45793
influences	E2	playsfor	E1	65	2628	45793
influences	E1	wasbornin	E1	1521	2197	44967
influences	E2	wasbornin	E1	1810	2628	44967
influences	E1	worksat	E1	211	2197	1419
influences	E2	worksat	E1	292	2628	1419
influences	E1	wrotemusicfor	E1	47	2197	1121
influences	E2	wrotemusicfor	E1	31	2628	1121
isaffiliatedto	E1	isaffiliatedto	E2	60	48197	10881
isaffiliatedto	E1	iscitizenof	E1	504	48197	3004
isaffiliatedto	E2	iscitizenof	E1	1	10881	3004
isaffiliatedto	E1	isinterestedin	E1	1	48197	164
isaffiliatedto	E1	isknownfor	E1	1	48197	12
isaffiliatedto	E1	isknownfor	E2	2	48197	17
isaffiliatedto	E1	isleaderof	E1	411	48197	534
isaffiliatedto	E1	isleaderof	E2	6	48197	627
isaffiliatedto	E2	isleaderof	E1	2	10881	534
isaffiliatedto	E2	isleaderof	E2	60	10881	627
isaffiliatedto	E1	islocatedin	E1	27	48197	39672
isaffiliatedto	E2	islocatedin	E1	3567	10881	39672
isaffiliatedto	E1	ismarriedto	E1	249	48197	3205
isaffiliatedto	E1	ismarriedto	E2	245	48197	3187
isaffiliatedto	E2	ismarriedto	E1	1	10881	3205
isaffiliatedto	E2	ismarriedto	E2	1	10881	3187
isaffiliatedto	E1	ispoliticianof	E1	1460	48197	1820
isaffiliatedto	E2	ispoliticianof	E1	5	10881	1820
isaffiliatedto	E1	livesin	E1	520	48197	1793
isaffiliatedto	E2	livesin	E1	1	10881	1793
isaffiliatedto	E1	owns	E1	13	48197	413
isaffiliatedto	E1	owns	E2	1	48197	562
isaffiliatedto	E2	owns	E1	46	10881	413
isaffiliatedto	E2	owns	E2	102	10881	562
isaffiliatedto	E1	participatedin	E1	2	48197	762
isaffiliatedto	E1	participatedin	E2	2	48197	866
isaffiliatedto	E2	participatedin	E1	37	10881	762
isaffiliatedto	E1	playsfor	E1	42760	48197	45793
isaffiliatedto	E1	playsfor	E2	6	48197	8470
isaffiliatedto	E2	playsfor	E1	29	10881	45793
isaffiliatedto	E2	playsfor	E2	8394	10881	8470
isaffiliatedto	E1	wasbornin	E1	31371	48197	44967
isaffiliatedto	E2	wasbornin	E1	19	10881	44967
isaffiliatedto	E1	worksat	E1	6	48197	1419
isaffiliatedto	E2	worksat	E2	123	10881	597
isaffiliatedto	E1	wrotemusicfor	E1	11	48197	1121
iscitizenof	E2	isconnectedto	E2	13	168	1892
iscitizenof	E1	isinterestedin	E1	14	3004	164
iscitizenof	E1	isinterestedin	E2	1	3004	29
iscitizenof	E2	isinterestedin	E2	2	168	29
iscitizenof	E2	isknownfor	E2	2	168	17
iscitizenof	E1	isleaderof	E1	67	3004	534
iscitizenof	E2	isleaderof	E2	85	168	627
iscitizenof	E2	islocatedin	E1	161	168	39672
iscitizenof	E2	islocatedin	E2	146	168	13262
iscitizenof	E1	ismarriedto	E1	128	3004	3205
iscitizenof	E1	ismarriedto	E2	122	3004	3187
iscitizenof	E1	ispoliticianof	E1	233	3004	1820
iscitizenof	E2	ispoliticianof	E2	108	168	326
iscitizenof	E1	livesin	E1	741	3004	1793
iscitizenof	E2	livesin	E2	71	168	864
iscitizenof	E1	owns	E1	10	3004	413
iscitizenof	E2	owns	E1	38	168	413
iscitizenof	E2	owns	E2	4	168	562
iscitizenof	E1	participatedin	E2	1	3004	866
iscitizenof	E2	participatedin	E1	148	168	762
iscitizenof	E1	playsfor	E1	193	3004	45793
iscitizenof	E1	wasbornin	E1	2169	3004	44967
iscitizenof	E2	wasbornin	E2	3	168	6079
iscitizenof	E1	worksat	E1	916	3004	1419
iscitizenof	E1	wrotemusicfor	E1	22	3004	1121
isconnectedto	E1	isconnectedto	E2	1474	1497	1892
isconnectedto	E2	isinterestedin	E2	1	1892	29
isconnectedto	E2	isleaderof	E2	28	1892	627
isconnectedto	E1	islocatedin	E1	1042	1497	39672
isconnectedto	E1	islocatedin	E2	131	1497	13262
isconnectedto	E2	islocatedin	E1	1417	1892	39672
isconnectedto	E2	islocatedin	E2	405	1892	13262
isconnectedto	E2	ispoliticianof	E2	29	1892	326
isconnectedto	E2	livesin	E2	92	1892	864
isconnectedto	E1	owns	E2	141	1497	562
isconnectedto	E2	owns	E1	25	1892	413
isconnectedto	E2	owns	E2	175	1892	562
isconnectedto	E2	participatedin	E1	25	1892	762
isconnectedto	E1	wasbornin	E2	2	1497	6079
isconnectedto	E2	wasbornin	E2	185	1892	6079
isinterestedin	E1	isinterestedin	E2	4	164	29
isinterestedin	E1	isknownfor	E1	5	164	12
isinterestedin	E1	isknownfor	E2	1	164	17
isinterestedin	E2	isknownfor	E2	5	29	17
isinterestedin	E2	isleaderof	E2	1	29	627
isinterestedin	E2	islocatedin	E1	2	29	39672
isinterestedin	E2	islocatedin	E2	3	29	13262
isinterestedin	E1	ismarriedto	E1	1	164	3205
isinterestedin	E1	ispoliticianof	E1	1	164	1820
isinterestedin	E2	ispoliticianof	E2	1	29	326
isinterestedin	E1	livesin	E1	5	164	1793
isinterestedin	E2	livesin	E2	1	29	864
isinterestedin	E2	owns	E1	1	29	413
isinterestedin	E2	participatedin	E1	3	29	762
isinterestedin	E2	participatedin	E2	1	29	866
isinterestedin	E1	playsfor	E1	3	164	45793
isinterestedin	E1	wasbornin	E1	106	164	44967
isinterestedin	E2	wasbornin	E1	6	29	44967
isinterestedin	E1	worksat	E1	1	164	1419
isknownfor	E1	isknownfor	E2	4	12	17
isknownfor	E2	isleaderof	E2	1	17	627
isknownfor	E2	islocatedin	E1	4	17	39672
isknownfor	E2	islocatedin	E2	3	17	13262
isknownfor	E1	ispoliticianof	E1	1	12	1820
isknownfor	E2	ispoliticianof	E1	2	17	1820
isknownfor	E2	ispoliticianof	E2	1	17	326
isknownfor	E2	livesin	E2	1	17	864
isknownfor	E2	owns	E2	1	17	562
isknownfor	E2	participatedin	E1	2	17	762
isknownfor	E2	participatedin	E2	1	17	866
isknownfor	E1	wasbornin	E1	8	12	44967
isknownfor	E2	wasbornin	E1	4	17	44967
isleaderof	E2	islocatedin	E1	604	627	39672
isleaderof	E2	islocatedin	E2	321	627	13262
isleaderof	E1	ismarriedto	E1	41	534	3205
isleaderof	E1	ismarriedto	E2	42	534	3187
isleaderof	E1	ispoliticianof	E1	250	534	1820
isleaderof	E2	ispoliticianof	E2	123	627	326
isleaderof	E1	livesin	E1	153	534	1793
isleaderof	E2	livesin	E2	134	627	864
isleaderof	E1	owns	E1	1	534	413
isleaderof	E1	owns	E2	1	534	562
isleaderof	E2	owns	E1	42	627	413
isleaderof	E2	owns	E2	5	627	562
isleaderof	E1	participatedin	E1	1	534	762
isleaderof	E2	participatedin	E1	116	627	762
isleaderof	E2	participatedin	E2	4	627	866
isleaderof	E1	playsfor	E1	41	534	45793
isleaderof	E2	playsfor	E1	1	627	45793
isleaderof	E2	playsfor	E2	2	627	8470
isleaderof	E1	wasbornin	E1	331	534	44967
isleaderof	E2	wasbornin	E1	2	627	44967
isleaderof	E2	wasbornin	E2	123	627	6079
isleaderof	E1	worksat	E1	2	534	1419
isleaderof	E2	worksat	E2	6	627	597
isleaderof	E1	wrotemusicfor	E1	2	534	1121
islocatedin	E1	islocatedin	E2	12335	39672	13262
islocatedin	E1	ispoliticianof	E2	302	39672	326
islocatedin	E2	ispoliticianof	E2	295	13262	326
islocatedin	E1	livesin	E2	835	39672	864
islocatedin	E2	livesin	E2	627	13262	864
islocatedin	E1	owns	E1	292	39672	413
islocatedin	E1	owns	E2	456	39672	562
islocatedin	E2	owns	E1	139	13262	413
islocatedin	E2	owns	E2	88	13262	562
islocatedin	E1	participatedin	E1	646	39672	762
islocatedin	E1	participatedin	E2	416	39672	866
islocatedin	E2	participatedin	E1	336	13262	762
islocatedin	E2	participatedin	E2	4	13262	866
islocatedin	E1	playsfor	E2	1908	39672	8470
islocatedin	E1	wasbornin	E2	6054	39672	6079
islocatedin	E2	wasbornin	E2	3162	13262	6079
islocatedin	E1	worksat	E2	560	39672	597
islocatedin	E1	wrotemusicfor	E2	4500	39672	5096
ismarriedto	E1	ismarriedto	E2	3146	3205	3187
ismarriedto	E1	ispoliticianof	E1	144	3205	1820
ismarriedto	E2	ispoliticianof	E1	142	3187	1820
ismarriedto	E1	livesin	E1	199	3205	1793
ismarriedto	E2	livesin	E1	197	3187	1793
ismarriedto	E1	owns	E1	20	3205	413
ismarriedto	E2	owns	E1	19	3187	413
ismarriedto	E1	participatedin	E1	12	3205	762
ismarriedto	E1	participatedin	E2	1	3205	866
ismarriedto	E2	participatedin	E1	12	3187	762
ismarriedto	E2	participatedin	E2	1	3187	866
ismarriedto	E1	playsfor	E1	92	3205	45793
ismarriedto	E2	playsfor	E1	82	3187	45793
ismarriedto	E1	wasbornin	E1	2261	3205	44967
ismarriedto	E2	wasbornin	E1	2257	3187	44967
ismarriedto	E1	worksat	E1	22	3205	1419
ismarriedto	E2	worksat	E1	19	3187	1419
ismarriedto	E1	wrotemusicfor	E1	68	3205	1121
ismarriedto	E2	wrotemusicfor	E1	65	3187	1121
ispoliticianof	E1	livesin	E1	214	1820	1793
ispoliticianof	E2	livesin	E2	127	326	864
ispoliticianof	E1	owns	E1	2	1820	413
ispoliticianof	E2	owns	E1	45	326	413
ispoliticianof	E2	owns	E2	5	326	562
ispoliticianof	E1	participatedin	E1	3	1820	762
ispoliticianof	E1	participatedin	E2	1	1820	866
ispoliticianof	E2	participatedin	E1	156	326	762
ispoliticianof	E1	playsfor	E1	115	1820	45793
ispoliticianof	E1	wasbornin	E1	1174	1820	44967
ispoliticianof	E2	wasbornin	E2	13	326	6079
ispoliticianof	E1	worksat	E1	8	1820	1419
ispoliticianof	E1	wrotemusicfor	E1	1	1820	1121
livesin	E1	owns	E1	11	1793	413
livesin	E2	owns	E1	67	864	413
livesin	E2	owns	E2	6	864	562
livesin	E2	participatedin	E1	89	864	762
livesin	E2	participatedin	E2	1	864	866
livesin	E1	playsfor	E1	71	1793	45793
livesin	E1	wasbornin	E1	1290	1793	44967
livesin	E2	wasbornin	E2	419	864	6079
livesin	E1	worksat	E1	439	1793	1419
livesin	E1	wrotemusicfor	E1	23	1793	1121
owns	E1	owns	E2	28	413	562
owns	E1	participatedin	E1	45	413	762
owns	E2	participatedin	E1	6	562	762
owns	E1	playsfor	E1	11	413	45793
owns	E1	playsfor	E2	30	413	8470
owns	E2	playsfor	E1	1	562	45793
owns	E2	playsfor	E2	74	562	8470
owns	E1	wasbornin	E1	49	413	44967
owns	E1	wasbornin	E2	50	413	6079
owns	E2	wasbornin	E2	20	562	6079
owns	E1	worksat	E2	8	413	597
owns	E2	worksat	E2	4	562	597
owns	E1	wrotemusicfor	E1	1	413	1121
owns	E2	wrotemusicfor	E2	1	562	5096
participatedin	E1	participatedin	E2	1	762	866
participatedin	E1	playsfor	E2	4	762	8470
participatedin	E2	playsfor	E1	1	866	45793
participatedin	E1	wasbornin	E1	15	762	44967
participatedin	E1	wasbornin	E2	57	762	6079
participatedin	E2	wasbornin	E1	5	866	44967
participatedin	E2	wasbornin	E2	1	866	6079
participatedin	E1	worksat	E2	5	762	597
playsfor	E1	wasbornin	E1	27808	45793	44967
playsfor	E1	worksat	E1	26	45793	1419
playsfor	E2	worksat	E2	79	8470	597
playsfor	E1	wrotemusicfor	E1	18	45793	1121
wasbornin	E1	worksat	E1	1031	44967	1419
wasbornin	E1	wrotemusicfor	E1	554	44967	1121
worksat	E1	wrotemusicfor	E1	2	1419	1121
